x,y,E,nu,t,sigma_y,strain_hardening,stress
0.5868473402873946,0.1639956449737615,203020182689.5517,0.328519011308889,0.013234168005622018,327211662.5131247,169048422.22985727,387853508.3114739
0.4399914743909896,0.1992069723618548,165170988422.1679,0.30756955591429547,0.01820030054460317,303554041.25313973,184094055.8112184,360465704.5916392
0.546999263254683,0.20019219122211418,172255742484.66116,0.292544726842246,0.010494389629858063,269357264.617933,202199327.0415998,341569285.92643285
0.8815229269961019,0.7656885019855387,200325193979.86453,0.3353777338082438,0.01768272927194701,350411595.82925344,113241186.14879124,427079006.7617794
0.9670311612479484,0.9851957731676348,182616946857.61664,0.29260376845424896,0.016716663562551127,378521541.85530996,110519487.49631543,461563511.5493484
0.7477608129177233,0.9094871637127045,174466206941.4474,0.27606971439476435,0.009776544484779059,379136152.0080812,276099084.21113676,566810766.4857388
0.804062522755514,0.5485954073169549,168530952397.0192,0.30170392862698586,0.018514494197137483,348733680.3009413,238591533.97584322,489294551.23188883
0.738083684737455,0.6711922690359818,185675771794.7691,0.3162631468104468,0.019548866984401586,254511259.56210977,145552779.8765676,342905962.73137164
0.5684405754774414,0.8627875613987981,107628678877.14746,0.27626200608687135,0.01163279033418017,333684007.58774555,266588324.5266173,497418611.8546536
0.7864773811398671,0.04839847791513374,161597489412.58148,0.25003240163069707,0.011104831380742905,350295016.2184236,103925848.10251889,391321805.90426844
0.63406285889737,0.49964979801253584,186660271097.5834,0.29876644522851686,0.01388342401848585,315821208.2786581,183114044.38897002,409767284.9177089
0.36672564604897107,0.5413299727610054,124920386979.33322,0.32806242408785125,0.01663171039598135,366213719.40322334,298125619.6481518,492977995.43565667
0.9058475002353429,0.719100956681209,149188995232.61545,0.3236004588655399,0.015911200139220667,328260559.16543007,176605934.7040753,446754824.0399382
0.909032479245908,0.49543097328640795,179857923105.36664,0.2873064124982366,0.009251754780512232,340708299.914942,205366239.2108238,465115559.69746757
0.31079912844293733,0.9404692708585811,119709523350.0753,0.33820213863110477,0.011569906472378676,302062882.2218981,287569965.7580099,461675342.1384954
0.5123941807341794,0.291456204343173,184472465266.79767,0.2605074224468649,0.009658539870135603,334682707.84462667,287810166.79372656,444509635.8028336
0.23515392443298022,0.7616386071675861,174311859677.1204,0.28491821794993477,0.008772590457836186,333794220.0624635,217829221.85648018,434181899.5211228
0.9722891850623542,0.10045359666423026,202467636022.8988,0.331713411758329,0.005789947296649829,276011085.2039815,125341702.50955313,337458141.9518404
0.13603457911350936,0.11052384178807895,103904471777.01497,0.266935425697852,0.01891903545220884,336351528.4506963,126804097.4527198,351905123.89377683
0.019979803426565912,0.3951591799311901,208114899032.149,0.3319714305992877,0.018082015619852336,331689586.08787745,201234105.5675519,372869919.3971542
0.9556034857540019,0.9480618861289317,168035347885.68527,0.3155728879691252,0.007341882567178243,372002667.6499156,273525125.2645396,574578554.4550683
0.7798648370554625,0.6464664545854313,159160613243.63202,0.2649130459479973,0.016972039213116914,318530931.2175711,253878474.7578835,474071632.5614636
0.9189371553742586,0.639721689623865,130925007958.2439,0.2632407226449501,0.018198225221220412,360321965.04642105,247127173.6890531,521528369.13101804
0.7019813081779562,0.7887185819151048,196748070176.76782,0.3018053254661104,0.019863324520802892,263653618.8348075,195083038.99660146,387017616.5379535
0.12876009721588377,0.4265380475962326,148149819656.07037,0.34403691785113755,0.006448572978133495,257174454.20666888,271118832.57708955,330573873.00134563
0.6187789748696239,0.9033054021876321,185433196239.91025,0.30639149078801153,0.014236476555654593,287309827.46738803,119339705.60226168,363888973.43637484
0.2924351717684657,0.1321850195903912,189918183432.04187,0.26845678244846527,0.0050724847511403985,335758183.9711862,173488383.31981462,372047890.933795
0.8035815670970307,0.9599230100616256,168834428905.09445,0.315066592209278,0.009090918764493722,342141434.9091685,271649907.7817817,534278350.1595346
0.40460757429886607,0.1421456894950731,171569042590.08105,0.26032166668068546,0.010774102972077867,326658470.54285157,286486675.90209895,403082799.7837219
0.048489571271338794,0.8857022956987282,170441761735.2176,0.2806827519505326,0.015114054819647199,375415525.98848855,103564840.46538903,420554251.3542899
0.6961312436348699,0.35358134700219546,141765968802.21863,0.2503191906958098,0.0177627962394423,376536263.9236181,210572370.32981053,477914101.605518
0.2566948030574546,0.42588341779242234,186620547444.50775,0.3138862143013938,0.011575274418916467,372769870.45842594,255933336.52689457,456876672.85097563
0.7403375273262908,0.9437893858213587,145580579905.88467,0.28978412895642713,0.018486504887474203,371715907.7863737,105227072.89116433,443996432.43871945
0.7868650964595698,0.9033167508638851,175417615556.27838,0.26398746271201323,0.00983413217670433,256368839.59860945,178273168.10778934,379109228.80145836
0.34948285808614765,0.9770219355807847,134237324166.1218,0.3380703676595271,0.012293567266363567,257560604.5282151,201439064.89641225,374500775.5289207
0.2280496020868824,0.3579066048544758,170574417670.22772,0.25796212591395395,0.007453439131333724,264751741.01860568,275655552.7366377,343278716.81874204
0.7938369899924806,0.6314788730405262,128674091377.28131,0.2824086850636616,0.01960952766643587,261359551.94887346,118021587.37862569,333628990.7529485
0.5644866428691857,0.8194758050623627,202482686585.33713,0.26900850273202986,0.01901754797982692,284882329.4010736,233195240.6535748,424625338.9136169
0.7103417595695533,0.5398049322212788,147822401446.18896,0.33649906011342823,0.015964992093814745,343903292.1228843,253897798.22555184,484727834.478959
0.7672933528619804,0.24347432399109115,206904498673.73785,0.343553849461639,0.013864659313805174,343519983.3771428,291119339.3083588,479280784.48699844
0.9129133289416063,0.27405734682790617,102572131026.80843,0.3071554734516583,0.006367459838964319,304254261.27631307,105651445.53736432,360502844.55778825
0.17443763739660567,0.49271128222443983,129905136229.00484,0.32739830060036,0.01778721429158627,313065921.3026802,163670955.40194577,365723601.32963234
0.5367304686513792,0.2605035608271363,156108045830.95853,0.30528524756568004,0.01596456011436232,385373942.6206292,158612801.6251031,445450921.22974586
0.23712595851808693,0.33450352107064363,175172310131.83398,0.3496860878200744,0.01747729910193032,329491567.6507488,129241078.87381953,365456538.30479115
0.5508260055111899,0.737412754041395,124703165330.8377,0.3006954467520887,0.016086779120078675,282942799.59355336,161769611.11872917,374779062.2122662
0.627486880617798,0.5262029902932421,196305111523.26736,0.2796642857059736,0.00919213956301686,297505500.60984653,157902388.23663208,379672926.81545514
0.5622275790281658,0.7000378335961621,194284350277.7406,0.33962921416500425,0.008671954013623641,274969057.82283187,291530021.3698952,437885269.1017468
0.2913936444704478,0.2891643969380091,135674734405.22916,0.2861923931941106,0.01844793450974871,254073611.65562662,288320566.8499417,335492918.7320759
0.11853424885390229,0.649022347228057,165763708749.963,0.25856121338842114,0.014868193911833114,296073965.14942926,226929129.87019405,379126440.99514395
0.4879037555353083,0.18582081187777044,113694142690.32849,0.34015107068729716,0.007933531341312706,261734113.1945978,165268403.70182496,315392351.1521867
0.4706118559465192,0.3799308090033725,145920162132.20276,0.34601269135643453,0.006414723213508791,377490229.97875035,216739978.0447303,464481406.4991888
0.7425145682461575,0.3719595196059752,136062373886.43896,0.2571697367044362,0.011438128415684496,264096913.32869297,187599333.1102677,359008022.8156513
0.9110125182291948,0.5082070385035605,138072553372.76035,0.2555946764472409,0.017401166461151404,272252308.56829596,193549048.0866754,390400855.9427285
0.36503825675581536,0.6133874645378036,125426514191.85,0.26837395000837877,0.014238273916532401,343275902.81401277,187701926.336358,428415894.89350367
0.08715453372725301,0.5291373960076834,162340276229.50934,0.26556171422571834,0.008371536135938757,391819246.65880525,116994814.09095089,426771385.78936154
0.8201430528990286,0.0838274464503671,114798088169.481,0.2554980938164207,0.007207004112966108,273479844.5577536,297884274.0130011,399642626.6885047
0.12348442749756439,0.9688266316166394,151193168634.90027,0.2565883618833451,0.007589711828141727,359041224.67213124,264856992.10382706,490842888.57996595
0.37012454528420125,0.30343504191413284,181840343071.27606,0.3311068573553503,0.011074758696349786,379672809.0291284,145468183.65119475,426891709.15545726
0.6124442950214697,0.7920926937115449,180856810713.45343,0.2868008808543096,0.016006155386827942,272826483.8867452,205371313.27620935,397241597.4057881
0.9165339663480061,0.416197745087192,143550191206.02515,0.2677399078806568,0.01804987014625368,392483503.9631948,153039326.27319673,481641807.49716896
0.7321147870264868,0.05431763287981661,201073333686.57437,0.2543572172872667,0.006335795315131263,359032411.7478269,118456355.221569,403350437.9638577
0.6581981769856274,0.2545650671340024,176523025909.2405,0.306945285787704,0.007904483574890288,296085877.4851264,127653518.65363646,350610595.11699563
0.43920489827309095,0.05570383264123269,165073710786.07672,0.27546066940004477,0.007070104881667368,347983580.92657536,134929340.4518746,380707216.7337544
0.7125673921018431,0.19166218538208768,205157480826.17505,0.2638919438987564,0.01092334077067899,351133784.447093,278605772.33845115,469161167.0340766
0.34380869779247214,0.2329775615109031,152761532379.43823,0.34857906640567077,0.010406680085364077,311969285.083548,293331523.9908124,394294296.6788554
0.630000166900207,0.8262109766642227,191303617940.08197,0.31680817473287176,0.008634771221717326,356618451.3557524,297155677.7809259,541421050.1453886
0.5198775171666697,0.5754492632057281,127613926990.31833,0.25767534815927984,0.006224204363801097,378294041.09663045,205379858.52498686,480730721.1129502
0.0671467498225119,0.18469877240340904,208820881314.62213,0.2731187193453813,0.008925206082178127,367270514.41960514,219274625.58275932,394737158.61854756
0.3799895488604006,0.9315100047903191,145588040167.92313,0.3398323027294222,0.01140057163777336,386163746.6208286,117587910.18898873,453838876.0525012
0.7329108110563062,0.33617524133239063,200491879080.37946,0.3348036921143507,0.016576903283541194,344542179.42584723,182038022.07580096,433530763.6369548
0.43068397801384195,0.764639899563779,117353561604.38321,0.30912966236584916,0.013633424789750243,278400413.0169957,128705028.78636155,347306996.0313915
0.9871380408098296,0.002088041688677489,209708248468.26306,0.2878686736054786,0.013314684678755361,352959556.71229327,226931959.34497926,456864907.48527086
0.6816530260766009,0.8774347253501629,144379268117.4322,0.31212494877619396,0.010104520516622487,296782956.39036816,114491864.41070214,371482580.7785332
0.7127402901300882,0.19216965452357238,136857107393.11987,0.28805170869895824,0.018461263471239515,306166464.64249474,125073764.43272848,359187097.4228116
0.23914476304548227,0.38872585007608207,184319829355.56433,0.2967610703181127,0.007275555400444122,285214920.41382194,219291901.14371088,351882497.54899734
0.28888709787523903,0.9559428401633693,106496027060.07439,0.2918554627872278,0.007017298728129291,290072483.52050316,174113813.69917068,386323858.85053796
0.3846973548739617,0.43973755246580115,188214291276.62067,0.30886554881958833,0.018418758988167822,340089037.85390925,271341038.29461944,446008062.8128212
0.8599177037941108,0.18595171662268528,114791073750.58237,0.2860192708618829,0.01246596154653773,391769322.820878,194374061.24047363,485061457.2413205
0.6452043999980663,0.9892489442083081,123955624350.34839,0.3275144337655562,0.015472779810403264,384836885.4292828,245367135.95091993,550105779.4032321
0.532267248613134,0.01966469854885089,157570473559.06586,0.30602467215825596,0.01190351359670401,269262278.0193939,157730032.17080745,311718061.0765443
0.10351356682818191,0.47679037025610205,171377347348.07898,0.3251138770412642,0.008810368406935089,383449065.1881011,213086137.9558591,443597886.2745137
0.5067039280731015,0.9222342414506274,169779490682.72546,0.28571993985699234,0.008063639396155715,392753904.59687495,116746967.64177486,464374857.451914
0.3909452196467358,0.8419107189232757,130846562301.3758,0.34892301466019066,0.019658162851039652,319438526.9151081,125341532.29652531,388205413.7023696
0.4135625976412004,0.7005360886765607,184460850942.1518,0.28997450470676767,0.01974851503046057,288188096.35999584,256141821.33983257,417740758.45571816
0.4107782036568103,0.8538700916103746,117262593275.92441,0.32652366004272787,0.0063494343539937815,276916038.0077049,230017328.9876061,405645350.2661309
0.5052836183860777,0.9126736048403369,194360283470.59393,0.34922459495726077,0.01953092900935115,339022193.13677776,249725190.22088745,491363536.14082503
0.14739091882793576,0.8791634206363097,202134198023.56525,0.2546375085697165,0.01768606763798169,253164585.15858048,146061433.9375886,322177834.9356668
0.6409202808229264,0.26581717737424626,142972005130.9464,0.33827848341530087,0.006805423367525265,265195155.30141845,102371655.45216644,308668728.804964
0.14014012553432953,0.4286118428566503,109354515796.96822,0.25829707357084214,0.007882200700498077,279375336.7939046,192042134.87471917,332561463.09355724
0.6395661743734357,0.1336986847745797,200962781101.63184,0.3080744960324992,0.007847063475618412,343721233.3425017,237043701.19119143,431060802.74942225
0.5281003346067723,0.739551850989567,133471313570.13374,0.3405822952964763,0.015423850345211407,304961490.879262,207544327.02141827,421327683.2045227
0.2522739465750139,0.7107115200511288,134774126799.59131,0.34525079220097177,0.010159878316146329,337954512.53481543,158746628.85061482,408983833.30516875
0.47423332996661005,0.20607063421064076,103413049992.22899,0.27180365129043094,0.018418569744089376,285926691.9892761,245492691.4787496,366353306.6422665
0.6136436912990442,0.2427177864225285,128871380904.34407,0.3497704491281745,0.01770532014750412,272596773.8602715,203133167.92505857,354621907.51263726
0.30479193686145134,0.8318784135349852,199286566335.56094,0.34414252346918084,0.0056952741068985345,315098794.0662608,179846549.52728307,407564303.01616913
0.0954615145330383,0.7359473508555899,191124187567.80774,0.26451554612701905,0.017214356117412028,377497093.22519565,207275182.6962714,459019560.3403749
0.921236376699631,0.939488594134407,175820105187.7928,0.3150521807213874,0.01735406629978612,298837457.8675571,295241680.15252227,514589110.63042605
0.6586473906645911,0.2830857458800261,141165334482.0009,0.2874922627003914,0.013491758144451287,388413398.809245,283689337.394788,512924427.6842038
0.8058630186388311,0.6590667817048689,153006878346.6138,0.3059488079978567,0.010773395773470695,340344964.0696967,282194870.75711757,516595706.37775564
0.16696560782540204,0.2157065630551489,157046681925.46912,0.33126448344360765,0.013760111802517884,309301883.8680478,256089216.23183212,357711676.10322046
0.4145993129504555,0.7814954397630408,167245917334.45337,0.3395812070784973,0.00976509514205148,301627525.6269481,207705733.1714536,412886901.708338
0.03117088123079148,0.49618887788030663,124848901316.865,0.31894806934800385,0.008595286926283693,364096653.0952212,114077155.44038333,393498239.19380987
0.2950601500793526,0.8462103859482346,171984509749.3509,0.34264564445008566,0.01274932943351608,260480487.09032258,161092789.86859062,343576283.2179436
0.1446650619295088,0.05218278532285203,195609156891.50488,0.26949146382843975,0.01065788333348124,326502564.6934739,207095656.17919767,346820166.71493113
0.6530981122286834,0.110731383158714,172540970032.00427,0.2748106094375555,0.008422324065463026,326384595.428053,116855700.98926623,368963209.1911602
0.5050091652930964,0.37362015454738073,115946907986.60852,0.28828745669322103,0.012803484066752299,256491613.17314285,265525762.82916883,366173987.3408938
0.6215280499638813,0.5149061340263885,135853938374.97424,0.3289598733681077,0.01657877951338333,359335174.33385456,112485148.83254592,417158018.7439184
0.5709378393395226,0.12228949371285058,156574542513.5475,0.27404103851528366,0.01062747002495825,323606354.05634415,200500889.3181461,390447126.242981
0.374991170727619,0.1961646894223984,199182880461.16302,0.25909288657644935,0.01599552318240555,300265857.42076534,151137623.78529182,342291137.04259235
0.2600729850159913,0.518494571810635,207152380237.54025,0.2769570670840046,0.018460200865457185,282620100.3634484,105470183.7857859,321722392.1165011
0.6723737901066608,0.11426347503236778,123839603504.26843,0.32728510348992806,0.017728712511495062,263929414.1869133,242216333.71729678,354571044.0615517
0.7563748090438737,0.5554873581468786,159826485635.71082,0.33409926019188996,0.013919368173391563,392488294.69153744,198837871.66480076,506949155.25068194
0.9189276842428428,0.7515521057935429,142436221067.41776,0.34541100865199587,0.01966114941183609,322040464.221639,120692334.98408476,404507069.5569882
0.5268661819805619,0.9941183890657883,176476152119.15314,0.33119108271414904,0.01318764538808223,336751014.645764,107599839.2395611,405761983.07796913
0.3567889749820353,0.6614483910110142,128003119494.38342,0.282702580875228,0.01615381530561272,298755562.52836114,297665999.67436355,438437784.1897624
0.8541483364029051,0.24436028174688795,200619535950.81073,0.2925299981973447,0.006144394230287905,357862253.96795845,113265599.19677484,414490650.08845603
0.021144905878459297,0.7461100694838876,147897275551.0834,0.26958445221969746,0.007674167856964164,254399203.62305441,277284231.8791661,355844633.01331645
0.6842312300574489,0.4194962668129769,176138311624.12073,0.2654127917388823,0.018274477347015525,292760762.9491332,236204039.83145398,411315290.52620405
0.9850210353444329,0.09342433764540281,135005626137.46951,0.33897738061839094,0.016060857308035456,387033648.6776053,133834181.9386764,452933512.03851753
0.5788546366225861,0.7783009900848444,166769573935.21613,0.28942103375666484,0.01734470205994486,289465954.2450289,211984729.12060064,414662873.36806065
0.18548522647270937,0.5646958409823759,114758575127.92444,0.256356783404303,0.012077648721704998,396433617.716781,247118422.1293056,485009831.39115447
0.8921715896308405,0.7951446999365525,128309794644.5408,0.27355961063066025,0.016534461383246518,357249801.32030314,198060366.0305236,493464193.8514402
0.9977388241833252,0.00555952606138721,143333264782.1346,0.3252013259911396,0.018714096597980196,329254911.38876444,205506509.0178639,424489331.8092406
0.7690332322262533,0.8900962746172346,198395920427.5628,0.34305148047702383,0.015733233489349307,325641541.20941293,198499277.3202971,460669132.30524564
0.734848459442882,0.4107672726798146,134368148813.45303,0.2521053996630745,0.012293947369457384,374752022.34525895,253862211.8091389,506105002.6308025
0.586047385092166,0.9986546386741831,180442479724.55597,0.3400244606721079,0.014234429434880638,370551903.16564894,256702717.0533293,539908650.1766272
0.6775056106271306,0.11123806750600806,195061044829.36508,0.3335623336490212,0.005716106831860246,365837230.4096266,229815788.68257496,452046423.23288
0.4838586979464694,0.8441719573280687,131251468289.57693,0.2775505462696859,0.014046007119143014,263555770.0606185,177852339.3407938,366893206.47467256
0.9860528391947244,0.25573240322030266,120718182934.50876,0.25944983456360615,0.016043694861317667,344793499.68838096,278453851.45224875,498430194.2936466
0.02722776588983422,0.46786694985650634,178697549561.54037,0.34021917618357717,0.005466634966493805,350722005.50261354,295596393.210026,422437167.0816546
0.32873937180532453,0.02910478166047825,197935745019.83258,0.28830615138361076,0.011979839185871553,380829885.9506413,193839909.05314487,415146708.13270044
0.6097331818332581,0.8078031439762625,198281299409.018,0.2698258609817549,0.006541309554076247,314613976.4887974,150794249.625988,406583962.190104
0.6765813271579493,0.8416636302461121,116631885803.33012,0.2721917981012276,0.007871234890622782,365839540.6861577,115000485.53455976,439504227.8371129
0.6735751562621917,0.792628843819992,157341052389.87607,0.30764764992951316,0.019853784024349404,347781667.6529671,131003498.04687746,429653542.2567093
0.46339481307472274,0.9993627241710651,109680600586.50162,0.28747407798535124,0.011090074099073251,293735178.95823175,235102036.57605237,440417253.6119659
0.4504186647479934,0.642021199629258,154377823550.83884,0.3064831277888097,0.005515435931109525,285206824.95184714,177815205.98561072,373702211.5735465
0.9172054199083192,0.15637344209827375,120873763091.38321,0.2686093525705021,0.012579767037044278,268980593.95076907,211814786.43416777,372887150.98863983
0.6304745910471764,0.03985947257071554,110633530369.41808,0.33958166514382904,0.011459420954805375,309360834.8951284,148642201.8274898,357395441.66388386
0.2087403138152223,0.8721655696131246,168495619264.04343,0.27425589747120693,0.01645060519906631,394366172.9635777,252660746.56950366,519011488.60662067
0.6567170127505702,0.5165324446361376,200591124751.20624,0.3002765608645214,0.008290952461939578,302532725.0338338,252822680.23457322,435887520.547968
0.18661923575476447,0.3165068710824177,123939446319.2028,0.26325779062650073,0.007300137979887163,379864053.79793906,211844308.95341235,432059820.66938555
0.07631241458896842,0.1815228891153131,176907118901.09818,0.29114526003585756,0.013385622026289193,389030532.984467,132627602.07121375,406034475.73402387
0.22886990442867416,0.2631911994716667,185817594909.98886,0.3172778876497651,0.012760951187173377,281998933.8556093,280826297.5260607,349729662.38940203
0.4739680843792333,0.5038348519990012,118162604215.5598,0.26293906080645285,0.013905068281901911,331384791.0107199,178385306.6102718,412254718.51565593
0.9108962324287058,0.4156500765889489,162879967890.89404,0.3006224300049396,0.01863623026592733,372840879.4585908,159613836.1849009,465502706.44642526
0.43859537411718985,0.015462128170818823,168130436117.6546,0.2996848203779058,0.008528477550715964,314965126.3770856,172566779.14769042,353483241.95927536
0.4807291080734647,0.26730778302291236,109775732793.72256,0.3205645975622956,0.018364714386524934,303684343.3056916,193677348.62495136,372924304.2371683
0.02198658201407455,0.45794801690197184,134970793458.90804,0.29932502915261266,0.012097368299865076,266388695.87618846,276177328.45648265,331418752.4842415
0.7440593059833779,0.6364103263735605,209852056259.6549,0.2794567829757565,0.012734179123622336,357516426.9875225,200260955.95691592,477299079.1815871
0.9316166184852721,0.7169345329378423,148011013229.40167,0.2665526010269579,0.018283714224876842,298474726.8671639,183667806.2798239,422889512.9440628
0.3560589320019457,0.4457096777205519,204927664434.98468,0.30280772933178135,0.008811443089040659,373974784.264498,293381717.7011746,485666774.79934794
0.417400128239496,0.5083887439327218,193013652380.27628,0.30391293933476793,0.009401332027087199,385836549.5321524,177406735.608975,462554374.5229105
0.5815582021849741,0.7654972848023089,119295200662.54239,0.3230694075904299,0.010017187133863919,255229116.4157418,137377447.98840505,335910292.49585885
0.886687530160577,0.3466977792429998,142206556109.20508,0.29433299971804844,0.01728465173362088,291319826.3983341,283525854.1295153,446924788.0726188
0.04854088862327255,0.2723254693088649,167336964558.372,0.29418598421784664,0.011363164530123267,345136048.7108583,164117512.9688655,371242344.8145619
0.5250149560674715,0.7211831273326847,110752967013.83875,0.2667351029323246,0.016439416313912443,381450500.50198877,177751012.0979228,479796949.2826985
0.3420569186386351,0.6257629980630204,124285345722.04578,0.29444529046170453,0.013089104944838392,274527843.53983766,264890072.6637675,393561361.856267
0.6670169850913557,0.4945873575746502,105435846902.63,0.33645894677525856,0.01912017773470535,303079420.3649272,149620731.3701553,381368201.739169
0.6646580538237894,0.8922673564301141,128363391032.27573,0.33937854950331386,0.006507558244849291,334069016.6968004,293141958.81300443,525145820.5621741
0.6698146667550492,0.5517075777250267,130212615732.50424,0.28458055677735467,0.008812814675174961,286211436.5158849,228572415.95093682,410706294.4094846
0.9918363050795902,0.08025641400444905,181721546888.98898,0.3268438234866895,0.011001661260292575,271908769.35876477,117412645.16846226,329439718.4225907
0.802471686572655,0.16641851250696826,173160988119.22675,0.3261153023079092,0.014467922960456386,296671399.1808511,194159581.62638682,384003693.8727357
0.8259807619851083,0.8733314076656716,143315110983.58957,0.29824728860156763,0.013529472946904889,280988321.1088001,242295056.47696507,448387494.027
0.9769036202250353,0.41200744388504973,134842983613.76009,0.34491114219481234,0.014614062704213272,328062004.9501167,297420347.76163596,506763061.5450304
0.49681391607783054,0.6555948915554737,167544619398.3512,0.3327716095366552,0.013615113322810408,320129443.9068128,249403110.45712605,449794430.5050189
0.6074278633468106,0.7389290167599303,201488909362.41742,0.34438960143001296,0.013590092775964912,283892272.15575147,102216211.36357366,343900013.08739084
0.7324895218538102,0.22033092331354087,142931528963.3353,0.31150079336675474,0.0067157498855995815,342081367.5952822,279160697.9682427,465851192.7485078
0.9951821076144984,0.35605049919387377,187306940915.4874,0.33259446661657555,0.019855542010066923,365653850.83692837,119632030.94535835,436076698.4894985
0.1284794993345577,0.8381850198967408,199755870212.6223,0.3449517874150711,0.019546763637237136,284843139.6483675,139739466.30724034,347573350.5934408
0.17745728607322953,0.6626291833415087,189322729468.2179,0.2659657800620292,0.01886303021964845,349202368.87661135,168655367.29558736,416152959.49213225
0.7373297552346855,0.7677110776443827,131953135329.52585,0.2721339823487316,0.01196098072922763,348940979.61753786,288122445.10006547,532374189.2196436
0.5392367137570702,0.4435434051896705,130569039509.16292,0.2744679977481335,0.01756428888532116,380908160.3752794,215377584.62965837,478973668.67344403
0.217689685412224,0.3332261186974117,193244800440.2395,0.31547570306424283,0.015526856891465768,358045202.3278864,216417857.45478183,416195831.5977958
0.3671032684822152,0.9608172299120069,147549760114.795,0.27028495704774624,0.018840798158614,265693911.4872529,197818018.95270255,380624777.09877574
0.6917486306458174,0.07760803429647811,120501154976.95035,0.34147313112927563,0.009480158711571339,371947031.2927566,126424096.408202,418314765.51880676
0.733535471536395,0.9431051906280944,158806548043.20697,0.33780465518631125,0.012948820129245767,268902599.9186135,242113782.6566842,434730778.1750995
0.520494163601031,0.9921033901955804,161973071261.57758,0.25327600997710686,0.01385869523803104,334383213.4281267,187038209.63542008,453880371.3457568
0.04592540490937702,0.7826266061247641,160850451170.88135,0.2878596098352416,0.011981368095919799,290422145.6577395,236305913.27043858,383077067.1660228
0.4779562850563477,0.872501783874293,172407964803.97827,0.2631220538458824,0.015835786982241588,335132575.7882366,246358783.2876249,480092304.4411262
0.060210957701570145,0.007387432990213383,131819643590.25848,0.25556849581205754,0.019374272491847803,370581318.6631151,268464270.55295026,379651741.2765379
0.6399109559670428,0.6146127739897662,117645494752.37685,0.32427025196600684,0.008133702076603112,318333749.86534333,151648210.5206929,402675012.5029334
0.19636625460605983,0.04143214715531329,163514844240.80328,0.327303247858574,0.017565590467400954,382821993.6566226,166467462.9118355,402522095.7655448
0.1643734286351447,0.20958112572836674,119162951821.887,0.34094556085736893,0.008436198384182294,309871497.5205808,216595773.40507805,349904544.0663694
0.22340308907892825,0.8520327937183714,204685698321.02057,0.25619248277962253,0.015066751894656477,322605163.1167064,155604397.63630873,399047160.16973794
0.39029551669320683,0.5451536644790004,134845079564.22441,0.33177763605246735,0.013226297355710733,285740550.59451234,128787728.99708326,341938234.544647
0.5455489771274739,0.0575939427747989,208582136166.461,0.3475505929593202,0.007776963494158849,254019796.38175872,277802001.27431345,335346347.3430045
0.1478000554418415,0.5503726983358606,103120114463.25014,0.27116207253989344,0.00930938104249258,296297757.74511003,196352085.4529096,362186654.61883634
0.4956941194231548,0.9865246690415134,116308714238.72116,0.3107553884896663,0.01638161168720628,303580471.43436533,202431601.94008347,431074923.4039235
0.125016076526681,0.617016271965993,178383471923.00342,0.2766645647118308,0.014623555316929281,279743039.4147388,227625003.7997473,360522653.0880478
0.40270695198337036,0.3515497411211286,115882373492.21375,0.2611896901376633,0.014021452817436268,278355798.29108405,285402564.5743036,381160943.1982428
0.6635125412359503,0.23545460973560373,121427412216.1903,0.34499204793789606,0.008626948476593045,269195328.8483596,299657543.2911825,395493315.4662705
0.3448415101483878,0.5940320948215656,147833473640.31696,0.3164184826593624,0.011742761784889266,301749023.6089314,159812620.0659443,371706063.05186737
0.4660037105618964,0.29973897169456476,155476218329.86612,0.282025520395188,0.011304258882202546,280553282.52626354,178846038.11359453,345867580.83270776
0.4484035231160668,0.7047946011568736,129087250904.65489,0.2954183916583532,0.007524325354377536,358300033.7805104,178977198.80444703,451402033.38028556
0.399549874678633,0.4364605884719477,124244794948.48349,0.34230986622183146,0.01915484602296823,275333398.8012172,135481605.75834954,328882316.16819924
0.41935007848146755,0.7754780265266813,115565426729.0909,0.25432295696310137,0.016375139893771692,255595346.9944779,244434104.64395902,386418168.67393345
0.1980084280904808,0.9580436494197871,180763426138.04007,0.28016277422900504,0.007585043006448094,357376779.85128164,145787045.56600007,433365249.88191485
0.29734768427809466,0.35232061288420147,177953042295.56305,0.3062066373312041,0.0062211193425321205,283592061.0634996,207109439.5036432,348597795.0620888
0.6156006135595173,0.7234840680693432,178739143992.9071,0.31071646159515826,0.019714401860114514,352500436.557225,235074211.45149195,489943333.7803494
0.5063052755314186,0.9300039723703791,186871362916.4966,0.2829916135408866,0.017180428026274546,260712637.39312887,293738129.6334491,441586277.1609266
0.13063663377625256,0.8288645960790106,143284657461.51398,0.2918458283127128,0.011822765238237224,378627462.85217804,240869570.56488204,486065856.7881284
0.39348299005135834,0.6105374592208294,173994645167.14844,0.32783565245185564,0.008530128450950162,252392695.67142186,133273733.00324586,314191275.7968119
0.32640290959670215,0.35637818519437026,132292172534.8345,0.315959932840141,0.009708459475462776,335537593.1907269,188329632.14638132,397444980.67740554
0.6025538578868481,0.8566519742913588,185462741026.20255,0.2643746350685542,0.01984367785478082,289594668.9545906,152936376.37381262,384846863.4614689
0.7570237796411841,0.5116031495197374,209292793232.88733,0.2653940561493537,0.007384552714827525,324090480.3232354,150100571.6599151,408299185.6221687
0.9563056330341392,0.23571847476966856,123604504483.28337,0.3347365823180649,0.006228042796001598,250212465.54407462,224068342.0633012,369911063.9825325
0.3396767601570033,0.06903035132507296,164441507432.89795,0.2884233504055897,0.006480486176414497,354084642.4312982,187337287.26646867,391843532.24320376
0.8690403240045186,0.5628437259725385,175192373158.36273,0.32795987688307005,0.0057751478197167055,307580176.68551314,293753477.80893064,488059201.33690464
0.14150287980143628,0.9082607673099407,194636282771.59134,0.30261732748535447,0.007429135801094722,386829718.3001975,137142938.07407922,452858422.9632868
0.09073726750081124,0.20287608815651204,176641998796.56165,0.3189069126751944,0.010187693381201676,341283256.94260776,290430616.3890572,383616720.518542
0.3179686302026933,0.6230886910361279,120590169241.53708,0.26052404536075463,0.011335757533565107,395698704.0828608,246213334.69921023,503694363.79855406
0.9223207673731791,0.9633495559881183,138457703676.97284,0.27620420799991524,0.009577731130105006,342410760.24629974,173756109.08704123,470385983.26457393
0.9721138006412593,0.7293937968363542,202120366911.43884,0.3049775207336289,0.005464269145921345,367425660.20617765,131896432.52882157,458627171.90461624
0.7198384898033544,0.3080549601133049,201928178077.7091,0.32452031305495654,0.01069631939980118,399783333.23851776,112633420.40345967,453060584.0479315
0.5719080102510735,0.9155697207855779,186907535883.7224,0.3224807676825132,0.007846421392744895,264876914.7081673,228858702.52740094,409378021.17402434
0.5250881355510338,0.623147641329548,108545103128.60582,0.34414204137642235,0.014270513190553665,347062120.1477719,272793229.8122796,488471870.8999338
0.47885139587764414,0.8089725214788266,155149819843.33508,0.29992037141456684,0.018121372875632397,385842014.74361193,159855446.71336997,476569136.2736301
0.4545823724031226,0.4256054340818759,169238957167.5411,0.3213528158428248,0.009817739398033886,322033143.1702377,166799532.80259025,391041825.4168876
0.601507883206493,0.5169467030944499,146863278934.6023,0.2700053043332456,0.01877772327820929,392188415.9308863,299320244.9410517,544064672.9113462
0.7766187184625319,0.33111743756010903,122691608073.1057,0.31259882583816034,0.009730796980249055,266966512.8477514,208229770.36398214,371792219.5399555
0.2543114247856598,0.5958738854592086,161447509562.54373,0.3129929042792774,0.006508371943949208,368626371.412641,274777487.70504117,478870404.54859346
0.7642138422752761,0.5023250682119849,106327250083.84372,0.3453631785929794,0.011608948842412942,378778839.72775614,292196291.1878804,542496240.9834809
0.7344821547643564,0.8884612016929598,194138804266.97897,0.33440871237805725,0.01700412030211186,335036761.7494253,235314553.16569042,492791946.3267311
0.36963448328493487,0.22724001616428902,129052122555.3954,0.2745189118292462,0.01557558663811252,380539056.0479874,141033574.08020675,421422126.83580023
0.5136273468441263,0.257952188445035,157112897283.66858,0.2856425993729792,0.011074448986990653,277121581.506096,173884541.32353413,341063267.4566313
0.5765689911872802,0.144020395031077,166829215497.56418,0.28360250991640784,0.011005619407513573,258689254.0824957,151393656.1344247,310991762.67617446
0.05839210614237622,0.7916362227125227,209859167222.03625,0.26952146610140715,0.01231056658988314,269559149.4853402,268677480.9831022,377338091.981364
0.6760797078941186,0.021252951227442196,170458500537.15704,0.2509867833832441,0.009132500213477227,305742779.73643357,187135070.1358219,368469004.30792934
0.008944192317632327,0.8667769317252272,124691306001.46672,0.2835744480404513,0.01836381661060729,350377452.37424624,187312785.22521016,427525875.13356435
0.3435318783807355,0.17041409456064582,102245609261.41345,0.30277633269587456,0.011605074987601424,296841462.093737,109440632.769997,324361632.5828528
0.5472419913051205,0.7981989544067674,122452013881.63748,0.2800579220449056,0.015211576396414527,260223950.3218711,294723192.6816741,433157663.7082244
0.8348203776076266,0.9314273940627135,183664862508.3416,0.3219935831358587,0.006736609055260827,375436743.60068154,126764718.85021007,465183736.7379219
0.1060907197277644,0.5822064528378594,100210071423.01848,0.31220237244463384,0.013468080646100871,293707794.34257936,287659528.4953612,388973736.31441396
0.47593520503214515,0.2654830478865662,147583707555.80386,0.322441067020493,0.006783991920948621,260460426.91372767,293694370.39458215,364607922.8393785
0.7319118828871093,0.2618121214313165,132523455626.18251,0.2708457637430751,0.009977514281001725,385273957.97084105,235011654.49747398,493296056.8035765
0.37733572724146347,0.9746336692475948,100975079604.24442,0.26571148374417125,0.018993404198999676,368509258.0502751,236320815.22933352,507679254.4173534
0.9035441545352211,0.24513876150430602,168438812956.19302,0.32895447158118163,0.011943922963752537,375800504.18266827,268836378.4686022,515203061.8005347
0.0374712586549496,0.11547694879626857,163755986872.1683,0.2515715063206778,0.017877574575971694,313924668.21388865,111362344.86726628,322424440.47618747
0.06579624218618874,0.3098558988013861,104686828352.92868,0.2710569146435556,0.0063906970980391895,365860273.1663586,268347059.7416646,415678381.8971
0.7283169262510555,0.4856760182297887,156026523466.24936,0.2768577338096111,0.011438400413946358,381495816.9330585,243897264.604168,513690423.0455071
0.1761137595858212,0.17392951606611007,149389040429.35208,0.33770243386890014,0.013603725092885932,264783940.85991946,116071616.46544853,284894061.814447
0.8554885251363141,0.5712295671080352,124435515017.2785,0.3354325930647596,0.009920450392468376,399137342.51368105,154032781.9177794,493525378.53632677
0.5931410048493538,0.6261686410839662,158271094121.59277,0.30750545746509034,0.015723836298731045,371725798.2938502,256594107.074608,511283246.67386234
0.20971651707016692,0.6954936285620621,105846355805.41614,0.26523855040753436,0.015774247287855182,360193429.4028381,231593846.61870086,458398026.15145123
0.8278467759763157,0.21517324315836983,118182966791.8562,0.2752080220865874,0.01744893384750483,274765672.54016083,203590491.735201,372257952.0687138
0.5470210796425282,0.7524961872758271,150608129023.93512,0.2504181436697017,0.013124754316268146,271857354.4485264,103747592.30517083,331149877.126885
0.2009101049996621,0.09235356921375781,167897198734.9559,0.2947422830776772,0.00723705483553776,399614060.75967056,159400216.26006845,422821121.03211284
0.8699117592031602,0.9975571249240518,148805384306.798,0.2550376969272018,0.008844394183099562,364998118.19869566,213221746.4549511,521146857.14784765
0.914813245598189,0.5052888906860054,116835204296.40224,0.3414116092717364,0.01800080923643917,381760457.7886584,129663668.94745211,460947208.6271605
0.19660017906773863,0.41410331559751,147718980337.93713,0.3059431583473649,0.011749904913640499,268460378.0150047,205668269.12026328,329379838.442467
0.7700961130563303,0.13828021825818737,132162764775.16187,0.3132701336685283,0.01452846201629436,326847116.09084886,274576082.48697704,443634096.1597638
0.8580675247019726,0.3101688128074699,158281829236.411,0.30664352076809615,0.011938929158483078,356631732.54526156,112613450.3605186,415827235.41038114
0.7557793351317281,0.1321100192920147,160580225563.7722,0.3050694107456532,0.015851541441695864,313874823.8624219,203145629.85690516,398568031.7219157
0.407285337829837,0.08198366476171148,187962303497.41925,0.27619986435177957,0.015026062566435985,332881648.4178283,257286376.8918093,394596526.6337666
0.542110352063901,0.9383934583799238,147551190207.59732,0.3239171468154333,0.006836293748048443,267299714.89594808,122409101.95446098,344331436.22661334
0.05444266831362354,0.6740379987069367,204362129263.17007,0.28141496222910534,0.016423986341462728,307821314.6409989,142408044.447721,357513683.7631242
0.37400306609123746,0.6785922388443483,139359851184.6346,0.29864583754236645,0.0059522531773241825,336175667.4705777,242586012.99650398,453234557.0573975
0.22035998191945672,0.4044969661941584,166162403411.37616,0.3317781577518315,0.012454444178608217,350841845.2145541,116673202.18513368,386152378.0370014
0.22497344198468616,0.08011009731517293,120709623927.69485,0.27025352009969783,0.011103934670804273,371400087.4531312,207682485.2790131,402836884.51058835
0.6235171855735079,0.770711791135668,163902885755.96344,0.25845443522875977,0.010361360811637386,282106950.65351427,147939240.5556504,371245230.1284675
0.7817863382338373,0.5910183102699693,121140011969.17276,0.26919070778798004,0.014120908727155733,362361714.63926697,190457285.54220486,475810609.35447246
0.46192063009636863,0.7364014206046379,147104765281.12726,0.3083749066206279,0.01757442280041294,254918230.57280824,285522089.3718431,408087212.7807175
0.49035069038747225,0.6961603948841826,131152918687.65659,0.3298570729600816,0.013170183417910816,261442684.20357242,138939770.35743716,335391013.3300984
0.4896414418291922,0.2561934693668948,112685405441.71088,0.2635825679093601,0.012565397208926798,302443284.5824289,257451522.82562512,394235292.8867261
0.9911918594526306,0.20707739417302284,111690939865.11911,0.2716244669487465,0.008437417499683105,369534674.71399385,283239606.02767277,521473888.0612228
0.01615835303861013,0.6104083815402113,167096761495.98425,0.25536620626560247,0.008071760819408722,388323974.27104896,160327690.70437652,436970785.81426185
0.47036992963816393,0.04751135153274333,172055013322.72015,0.2727054052552812,0.011357937047515426,274458408.3567492,220688779.59355247,330359849.76342714
0.025654024060021485,0.5534312666433432,189760748907.30878,0.3220880271512232,0.011903804752587684,337439923.3196155,291259822.8319156,419491837.47075355
0.129342116587586,0.4148771752960543,208680739895.4863,0.34876769034529764,0.014244522254081692,307739397.2152457,193908810.99288958,359239012.2099705
0.3486579853911468,0.09039030161850814,147534652073.0915,0.2908886942769453,0.012211794890787915,313794861.26544607,280335449.785836,374365390.6599089
0.047032042296171306,0.011752906757071635,200240720035.82245,0.34808181602415156,0.016029877327333315,386770632.3087071,280186041.84439397,395003622.66789395
0.47183991720316476,0.9086400360997853,174024873415.3393,0.2646432593321968,0.01804376499095358,307795473.7240664,260548253.85081884,463638801.49972713
0.09182065029809505,0.6470025184613628,207100875748.74292,0.31760022655428793,0.017915041313831453,253034868.29811296,291650389.70490444,356126550.97175705
0.4369488990794361,0.6089632937300067,134385083462.79471,0.3195523865235736,0.01946182243278524,281881261.1152071,182388828.15872785,369423942.88498646
0.9012263170819413,0.34187081810625786,123325188752.6103,0.27161164246757613,0.011457562218840367,385190774.07182646,260680533.34595498,529139948.97531605
0.8971810735685557,0.11125585783170044,156800824810.91324,0.33298987012320563,0.01405928953662432,301192328.4768067,225563281.5772938,406175859.9174084
0.32974680502662523,0.06428651849091738,174109089300.49234,0.2749052085583275,0.0137185042105091,394006769.0361588,226314292.97594485,438026375.3130587
0.5426253569754138,0.4270627313513309,110159266050.55815,0.25320186589930166,0.015475241348980626,387790493.90732074,104848618.82810088,434984392.8152764
0.9084170026515256,0.24938149665183595,126871841912.29245,0.33178125803425756,0.00869796344639707,302899543.74808687,116402156.73534384,363645746.09504503
0.775704604992577,0.9535424666994629,171317776155.28558,0.2756609242747112,0.012056675492054195,298691303.7354423,188592354.50420928,430447990.4122983
0.22016176520181752,0.28401837210752356,199383735556.13068,0.32383507559047847,0.0050219718312636925,253805769.41157174,154514430.76351807,291952655.17337537
0.18083013364545364,0.8626371704413662,180010534805.18024,0.28230493610972174,0.01111526286486137,320424216.99074215,146634249.55462125,390667439.33673847
0.9476554324431111,0.5988789689804823,123553222554.56306,0.3395203394812592,0.006830756269063513,256001433.00968042,167794906.3563847,364871006.0766696
0.0763281105247714,0.8611438140489609,176769185261.09848,0.2897055003711907,0.005251199416569573,363811476.58100694,255236309.09573078,475395030.34739494
0.3113919218661526,0.022782423211184732,125040834417.53253,0.32607622773068135,0.012903983003543635,381100720.13389915,298392348.5036946,430499401.13829726
0.30844622353074347,0.6439876517217393,190907752587.2121,0.2751778358453623,0.018167722101872313,291808632.7450827,184713704.27865058,373675366.96727264
0.6153133550087675,0.8130538946196291,172936203202.86316,0.2902606782159262,0.01744806843739176,310627596.8062367,213008828.31414568,441264542.3576036
0.6691349619030244,0.0786912379973913,120766879690.03273,0.2503191192997135,0.01375360956679951,285791637.12650514,128073443.72769374,331566329.4159722
0.8174272740811548,0.2303042784772107,146352034523.46323,0.3163326105119986,0.016745895090701946,346456283.4548527,105147956.93290311,396998605.1149359
0.1223877604092023,0.3049330546218939,148629216721.4251,0.3074706346189597,0.01739631353453083,253219894.08629802,102587458.5343535,274811214.4056437
0.5626171589029555,0.6249458685008388,136303739520.05247,0.28502280380474443,0.007667028764656453,301731491.9994572,244366257.215599,431883370.20458496
0.3367875304233263,0.4404820450244168,190228403549.39496,0.2684083008405291,0.0068758862892511485,373794986.599239,238406612.88181797,462048988.7291908
0.05539467674566145,0.7266799182549577,115148112862.64629,0.33138291689650884,0.014675330180737894,277585492.67842317,183111913.16335526,345749658.3598777
0.3537010733792373,0.7971654138463503,147101630637.7166,0.2828137911368426,0.012229422782968482,361191808.10516274,210095654.16817027,470302527.46948695
0.6267977459640152,0.5935899887221446,151511583816.44208,0.3426001385892311,0.009255121603881356,385771793.2492616,157721488.49613103,471613850.9094301
0.30412072146809566,0.5788773864387591,136262079019.23882,0.3304811044135006,0.01000658912870526,338284614.5463449,233992536.55089837,435364896.93447334
0.5522175410724042,0.011375427988296272,168607662278.39407,0.34403109813520866,0.0053889519576987895,250685942.4288593,283935281.15132517,328645186.97899884
0.4366049414410865,0.6762488189851203,108103896729.4851,0.2613148614445517,0.008920198409209622,279203809.38062584,121625798.65534906,340663942.27064
0.5078772093669904,0.770364530285628,169444401187.65173,0.309684159843256,0.017172459535647278,269360901.9160895,259544260.04620254,415821900.70628756
0.9933286759278657,0.8851524649531042,182544800657.08484,0.2747116278080699,0.00854692533070051,360780896.760708,288580162.12161535,572850706.4912567
0.3301151934107466,0.5907573102776723,148630652396.04272,0.29261877868420194,0.013925591244373196,365911875.6208502,159125525.4530091,434405819.37130666
0.9716606532147192,0.5291172994104211,147237664205.70004,0.2650479019147545,0.008380900096037168,254446423.34383374,263506970.00502205,421873733.0166172
0.7748331868352228,0.4278105854857397,114313504357.46954,0.2906740182901211,0.012126105439378641,342606777.5444684,213129640.93013436,457268291.60901976
0.9460529446797311,0.6667830142293473,142093492356.72534,0.3382366642483239,0.015325733989861735,334834513.15238905,107531438.92446452,406623523.2870274
0.7654222518556739,0.5751951984314182,156796273104.08368,0.2944460178506572,0.013335166176148435,311919210.20525146,248530484.585427,457355006.16461784
0.17542408657208142,0.9418703531189406,165743722933.04825,0.2504224375306806,0.01827263229025303,257513584.54733002,254750597.6540173,386665268.46140754
0.12283154789926343,0.5193311217946507,190609638546.34247,0.2886903056482349,0.015349015922882226,390550549.9457598,182584517.14551234,447240183.7181723
0.23473878508534718,0.5715304551804624,161772271275.58224,0.2645577395181193,0.006695842169398004,306091995.824979,195138963.1894647,380757600.7829788
0.8947803364821614,0.6534393969171497,159378788054.13586,0.2961772863261202,0.01874204014527664,376463614.62619853,199684022.5977217,506121029.33153236
0.27701060342516115,0.3968896012649239,191908934002.57446,0.32235239893364526,0.0098520439567461,334972364.6798723,265067222.2735669,421053437.8315745
0.3057857516149869,0.19592748046021635,194350113030.88885,0.28170912607320997,0.007095411075201451,314796440.4541284,155626707.7444078,353037614.8059312
0.7524922040575593,0.8057975510015862,100789813688.55081,0.28018713150157504,0.013252287905567851,309766113.4345684,252296212.96683976,474317642.87309086
0.05080556820309112,0.8510449195770183,121289862237.58563,0.3005036098161867,0.011228384902572719,275480997.70620096,138392485.91848686,333973863.3768469
0.47052289088092236,0.06454538697653067,197414616257.1566,0.3094829909719876,0.01551337542867116,257104961.6081701,236360785.0964538,318872855.90691614
0.7898491311534428,0.23480869615242028,104218398043.51361,0.3053535272352878,0.0067378589983218655,277961797.8219497,124465563.5503525,336679396.81882524
0.9506823205031001,0.907404325344932,184810032043.93185,0.25415217268064527,0.006359182761502345,364182372.6102864,162994151.39089572,483192152.95518845
0.8144610087016667,0.09248963242309549,132502527119.13916,0.3464490783464033,0.013615334877341644,318373273.1737082,223394597.45190406,413260470.0279152
0.25886290518411215,0.8019025455875878,106489739491.5934,0.2825996852241387,0.011344678215954682,307451749.35789096,203164471.0369436,406123368.0835023
0.27683510263866884,0.6697733567467703,183532697648.09363,0.2911599591873292,0.017361264464222096,280095961.0918279,128923540.85905074,336933863.8677637
0.4220696912419356,0.5725833391464688,205814870781.143,0.25744551722793874,0.014802184325569033,310242444.5140797,158411678.1439337,383113718.2516085
0.33869975282888876,0.05827595087359094,196556502958.22424,0.34968394639885525,0.008629870916590567,326169723.9995158,157952006.10042617,357115941.35561496
0.6442741447792633,0.16409320880144806,105140054513.87944,0.29941803052670896,0.00785907594046115,267799717.1142191,116510187.65676287,312484051.05815214
0.9351789587862736,0.40359309567732204,165623089373.8169,0.3466343494954295,0.012851000822286598,295971451.6199187,240479068.8907613,436549711.9169762
0.8414513126340968,0.404239177400756,176737703321.64127,0.2863917651928508,0.01689875775606231,338202663.1771179,160263569.42244518,426845396.3437966
0.9867405670686523,0.8653136687851278,190639695272.19797,0.3324587676920876,0.011689067965018968,370365466.6493891,269401638.1449772,566688199.9495469
0.6786517511953255,0.2521700292099017,159615026489.36493,0.3012219596322735,0.01669611225983348,285280425.7390408,203634608.6878025,373756395.7646935
0.5987036787205607,0.5174267169409991,164942085793.522,0.30279179524263367,0.019868710611891115,348931939.1961268,250825106.09564912,475985008.49728775
0.43194097399708076,0.9163107862143717,112180655344.02814,0.3435815351549868,0.01773403382948962,277256857.6643165,285173711.0138266,444849834.7140982
0.9265230256135348,0.04923187581693911,120883939353.30469,0.27353704970697257,0.0057158279348210345,269817648.8746931,283104825.39662,397931123.29989374
0.8845985370684095,0.45342670812280816,149370473453.1074,0.33837114307033994,0.008642647048462841,364287275.5022669,239718244.99555555,504361840.5532801
0.1336059471005977,0.7239337330352478,193779391600.83234,0.31322564378451756,0.01210323979561894,289745844.0874657,289903610.1579677,406951767.14475715
0.05809958530849413,0.28419914427355164,114653135518.38307,0.3163219169229202,0.012331671109942212,342256838.90926695,152364071.9055205,368082184.5033053
0.03884532471037805,0.8840682417436783,177939063612.66357,0.3438947451330411,0.015138440183322346,378530950.2259549,157830264.36021057,446598532.3315362
0.9526848524370359,0.8565736077369683,131963801035.26561,0.3280822669010528,0.018630483934722934,360982065.0828879,216986058.72855878,516896194.86638415
0.6336499138296928,0.10572607571952386,151394578530.90082,0.2838764917145599,0.013025838876499097,296505457.2782425,131170439.71808036,342902904.47006637
0.32958746214313694,0.8854522192029263,108066857423.93571,0.29040582835118445,0.008118412899661007,353870265.9413771,255367039.36537,492375958.6504494
0.21019680223425752,0.26661950918581667,160153806454.57,0.3066216635402622,0.01102167395472017,367443676.1783756,162854659.37631333,405550302.329976
0.4422950493518095,0.04854086966220883,136923466463.99553,0.3100791704606075,0.018167317323162978,338688206.8786606,171558218.82644188,379966258.1826358
0.35487362855257387,0.8335177844955359,116396687612.91792,0.2601065476673946,0.007432222890406542,250077703.98978183,239889023.88102624,377916122.3184109
0.04229640211718222,0.9384223798129033,188180754023.44547,0.30728043956171885,0.01830488219305423,344737159.5789859,201426954.19605726,436286038.62856364
0.14138384875717425,0.00046214164269264835,195862828922.22498,0.26069426175848237,0.012848224045312655,333777284.18832636,250069740.48310927,351483301.63308847
0.5100348961308526,0.824408952994758,159976035546.9776,0.2873522038522696,0.01393174522306248,323823110.5932759,259949359.3757177,475412449.2895465
0.6586209417314146,0.18610994324549923,182916822966.1662,0.2969187193621066,0.014171783204704282,292747723.4384936,109679138.4504026,336501069.8107588
0.4697997667202298,0.7457829468649861,159980661945.24622,0.2636788843147622,0.005982476420173222,323585605.66759735,210411352.33831012,437748600.41279083
0.3513381670012883,0.37126754061006073,101329232642.35594,0.31816632966320835,0.005588033451166935,282841827.72285056,195004963.259229,350383962.61650413
0.1382661782598028,0.9392626157609423,129829272048.44879,0.310434641625858,0.005951974205497391,371484350.2033778,180042560.49227834,460074668.6519598
0.39222442779603595,0.22825018455947121,160130780830.75293,0.289947920591769,0.018083961500968773,346093815.8449789,144781564.12967256,389622822.825837
0.7197263577171406,0.49495504252956257,155887914618.17053,0.2655855137172867,0.015668737898566515,310381445.0002735,258845925.3685268,450741279.9054177
0.23118859994699414,0.4868390699273316,183505762495.2417,0.3170764981604456,0.008761527837166782,277988080.00806487,192165118.47075182,344159196.46732837
0.2669259238490552,0.6504373544724688,157823103318.7318,0.3284747460310904,0.007109854604972395,333512058.0131936,138050451.98903403,392736958.45150083
0.8412625364340306,0.7312377311192303,116059215100.68356,0.25861848750072025,0.006393420836119721,257928794.3006291,163790623.86639744,365421222.74603486
0.13744254843091697,0.018974391346772923,204371420520.62097,0.32117807812679955,0.019719516787776118,398757581.81552935,295767030.5696423,421842022.0762337
0.8034063135903495,0.5637459170549899,186382116775.0591,0.2657911712683105,0.017636866817414786,261023574.86779746,207969052.51990512,384523777.22912526
0.3344776078420413,0.5971399126452428,184976345856.12183,0.28183470677454875,0.006107290520526552,369726447.5786971,243691921.83172387,475685318.2168253
0.7290935953217822,0.8986404022302623,201686888019.80615,0.3354358253534958,0.01444421593024766,319068666.9468899,284441384.60453105,510133055.0590966
0.4169996266671405,0.7167110599748256,104298207204.42769,0.3339030474580358,0.0118362419493978,328604533.28955853,232507625.31258363,447891660.37554467
0.9679890195087283,0.6420514613035099,141238347370.6266,0.3497957872551916,0.013010008497410304,375007427.3513458,190251609.7646896,501873671.79975665
0.6833932378518824,0.2784247039932022,146994103879.48788,0.2617854347372538,0.0062973396402352935,333651613.09331024,205852049.13255563,425661566.8567341
0.3074928620942743,0.5608741599312953,180865218294.36353,0.28379045497270616,0.0053473683378984,280705773.2615988,193196924.55409762,359686915.434324
0.48265197200846577,0.24979543923413483,173182074790.7508,0.327619691076959,0.010475180664454468,372050301.1520941,167360859.7156589,430741113.7653274
0.21804010190616374,0.7496959290060529,122443206892.64456,0.29810779594292963,0.006293557749274147,303829476.0557086,179361708.8721196,384423152.75282633
0.3246663705994247,0.23973163966644295,109688403598.82811,0.26893471819842457,0.009557230673922345,380521235.6990644,225645315.39443022,442559952.48802745
0.3211562551781394,0.023510493876739647,200651154024.21997,0.2723755675639658,0.009599834727541697,254715965.74250972,164941861.95704412,282862860.62386155
0.9171891617697334,0.5535406468745938,166975321807.67953,0.3404990137530791,0.009591678239736695,274676071.81568515,256615961.4271891,435404034.4466568
0.08056860198518256,0.28153883290311,105022097042.68109,0.25699776405831243,0.017520086418496363,382156132.6562978,130317811.4307179,405496180.0610738
0.11769901003165995,0.2044301633547324,128857730648.90489,0.30970509387940093,0.01871752616459923,268199994.72466633,183066818.7516914,297433224.7846498
0.9959343081012745,0.34048685278676327,192306800268.61713,0.2670517488371934,0.01182956971865383,389452778.93880373,250329571.53471792,535595576.60637236
0.9215975223847265,0.35718405780226314,132815019790.0546,0.2771208242400449,0.016471561321925534,363431357.0149512,128070294.58181076,435725066.80255055
0.9601635675423962,0.6266177567013048,200278617018.8494,0.29082590834432814,0.016486840441626238,365572023.24425626,263100952.33372307,539304304.7875314
0.051204162875622905,0.10359615831165125,187787334535.72235,0.30856031040107834,0.019402631842772494,270456292.0411743,200729879.08806542,285961865.7591078
0.587421633154432,0.4746934674063287,179206317566.82733,0.2668215555576056,0.01475452888007239,276441889.9803351,282926678.6397534,413997749.44954205
0.3094498146895439,0.6940828425863985,116148504189.97034,0.29129837868083336,0.014686490096510251,358900618.04266095,110051928.79413998,409910253.58838725
0.9715435262114435,0.9606693966569201,136588298972.91733,0.28759112286293054,0.01961764949381937,328002926.2525345,260291613.5637082,522437718.6273302
0.45834286127948376,0.5719169950790818,118592323160.92589,0.27209653355941527,0.01149550370055357,254867942.07589203,251295775.352037,373965187.8366828
0.8946406341971096,0.8536513263323752,197492125808.54633,0.2601164508511482,0.019345378220824515,259104318.19447708,210101441.7514205,406905320.1483667
0.6608585148868251,0.35058313566670796,207352613828.75458,0.25031927039845925,0.01763947069249411,326927732.7190962,266819211.92649814,451426744.48652875
0.6443249464930307,0.5566666386982468,119105408875.77582,0.32905094323508005,0.00686140215721202,282538672.57388,215466435.34341258,398330823.6145777
0.37017057470416925,0.934708625953651,152207019411.82202,0.2936003268445205,0.01493909022607361,275570008.5614663,112520553.47069332,340079166.90613586
0.32826390451270804,0.3622295436375136,151547023575.37946,0.31737281334166934,0.01699663748664586,325193698.30778325,178755316.4302403,384567880.0517341
0.9263628844576762,0.8101357847702654,135465046854.17091,0.3101138852852866,0.005829760575310846,350417549.18003595,129231099.33022998,440941811.02151847
0.43922967770865207,0.2710536250529971,198688466217.78467,0.2779134130981102,0.018722322638559392,399001286.92267,194776875.1437198,465406082.4932787
0.06260083351861156,0.0913950384038138,116875348892.26776,0.3091989232380589,0.01989196713959865,394160823.67480206,264515786.2423412,414487838.31009674
0.49919585300946445,0.3020051210249878,202549329960.97534,0.34744522296950375,0.006910143367706056,358938216.33893013,205552345.60170233,437143205.42777544
0.4556686675868754,0.8029447646929063,209864976098.4234,0.3031424336807341,0.007628334106605514,380440837.2517537,202402496.68310073,493295338.7112604
0.5395261013459693,0.9258987604757978,136869088540.5984,0.2874573909703725,0.017832682977479666,376775734.717232,117352477.35562378,450088407.0461445
0.5872884413820384,0.12871768142333018,156748093103.34003,0.32525857426762717,0.01930521140474828,268850649.56640095,248052304.17900082,354045172.18141574
0.5988330675929787,0.05051580234355946,183232645034.32922,0.31787443472563454,0.00977051435205099,336114099.2525593,282158455.3244273,424634947.4254558
0.7068606614669746,0.5218574208292873,151800920420.22302,0.2936702014963331,0.013465995440018603,373479179.2550944,253266563.09281164,512063669.19821984
0.22152711646291712,0.5573759715686671,189023506125.81854,0.29466899707304406,0.006176541239929735,260352309.9768727,117296202.22828516,303855983.166237
0.5307505982086378,0.33103230756281277,126192365276.48808,0.3047285319197274,0.010950744984036356,355683267.23025346,205744745.0172739,439229221.0134727
0.619011075775335,0.4522874385882275,115837140163.33304,0.28304392635363973,0.013540737947344356,309487935.7979576,242228492.19797233,428104214.5779604
0.07928624080188318,0.4354291906067167,120940002311.26733,0.32664599477939316,0.011278502554962735,289540892.4832786,112664467.24565715,317912335.65661067
0.886380423305436,0.4223692626389418,195269143353.67456,0.3349654860261584,0.014633877991386705,305009890.66274947,112365687.81825465,369576081.870147
0.7824013047407381,0.23693124420745337,141598360518.9063,0.281116042708874,0.005118474435957781,298434428.47469854,131515636.07814857,360205367.8144371
0.12269428799468673,0.15718464531627552,118951850264.32965,0.28089301991122034,0.019070955366866794,304470509.0184219,272552158.5882163,342364276.49265045
0.8396011184463271,0.1537177786607633,113460442935.57906,0.3227460963221468,0.017727674025459144,297104020.18102753,260485388.44547012,416793392.7184092
0.39771048084752114,0.6456174587034077,106132572667.53163,0.2996449190315952,0.012046128854497781,262759462.51274058,144476996.94812375,331961523.67558193
0.25169122397178456,0.45632855246442816,203519928186.32483,0.2618649545028902,0.01560371301729423,338221640.9475498,239436658.2558813,419612604.4423058
0.7577973019074447,0.04555338889437288,171548542531.78522,0.3487938062751824,0.01032461450027996,390117541.5240952,174666654.16091913,456732178.9906281
0.7605273095481041,0.7977851675605346,141115579196.04694,0.2550116184947793,0.010525979001135685,321074442.92658085,261470417.64003566,491611238.8204752
0.8569819361940451,0.07860176561080146,167663612666.4474,0.3028933548420591,0.005622076869452788,274294288.24960774,101653060.45424442,318657050.6995753
0.0739652499858291,0.7740051346121066,186475652467.41522,0.30724558110036443,0.0055184232015137126,300174792.5316276,137791083.8058369,355330141.31095576
0.5236097632910713,0.7804594227350274,113168210059.31491,0.3182770147472946,0.019429443384323297,256242722.28813124,145370094.5460241,339545317.45344275
0.9502758571239244,0.47229603508842444,103569391613.60895,0.2513194446906586,0.006508484914764127,359483648.1411289,290392207.4070852,537053425.1334705
0.25727890660743413,0.9853943802798643,152685975601.48123,0.3439265701575898,0.008143708591661181,377724440.44099075,132270758.90669045,450745569.93300176
0.4122895055375626,0.30617667589630415,194806136350.90594,0.31786060646625963,0.0072663627402468345,363924947.54697585,299180872.8714819,467004229.07593656
0.17319770904569454,0.2159296731223872,175932672531.05954,0.2503473860190212,0.009620039912693931,329433343.59524727,155482546.7281664,359308573.8201351
0.982392844978851,0.6164683053639156,155129919574.79764,0.28469894740668883,0.012215811996092587,309677974.0346672,295901824.2980623,506073432.7817136
0.40242459910052997,0.5539766206192479,150721306850.39392,0.32135803823561526,0.014353682829049134,380230804.08689743,168050562.46332568,454979926.55152076
0.9999760201679478,0.5295361400187996,175805133407.43085,0.30859188321185027,0.007466194801984899,288468759.28311086,139497499.66531485,378286993.8068706
0.5151595135744577,0.46570967862258883,183268374077.75006,0.3499154894601435,0.01814401125129191,335464090.9762304,147585630.7511431,402550806.8633195
0.1892744570066447,0.11885654808018775,102435991877.3756,0.2651391181519089,0.018375931792063874,286374972.52156615,101662942.12357245,301914965.5614105
0.970518450502827,0.0923128029700857,204580791900.69415,0.3320080554712171,0.0066576256147346715,337151654.535728,272776973.86251104,469847412.07825226
0.5004625445834867,0.9810801412085763,138873573896.86414,0.250440317604462,0.015262030690332502,316368305.0679189,279497349.1663921,492342900.07108295
0.9681797620063708,0.297049213704079,111630836624.71019,0.3382258009892298,0.013347748248633353,260886399.4987466,167083978.5742759,354428342.63993347
0.3676141257643266,0.6554238871836874,183386682479.8512,0.27806211161459826,0.010813495267414382,357116821.8734754,279694862.0028237,488888872.0380443
0.404928892573836,0.25949295441094467,129586969127.1604,0.34720483689549564,0.014028346743829172,391907994.6306207,248962262.14152196,471701890.63430417
0.6434167219134959,0.8684467123988455,158667047664.79492,0.27534051133658943,0.010190554042761008,289411681.04703516,231168760.54161125,437053252.1210277
0.13885598404037158,0.6232950526684525,191869877485.78387,0.2868239180515653,0.011514672516761203,360721690.61478853,142645051.01385188,412593298.11146116
0.050461174690252575,0.2219342295924822,194073879231.2036,0.3422586030312499,0.016305693278254676,386566566.5621814,148885945.42721367,406720029.71218944
0.5056022100855048,0.8977566759280967,197444518288.17755,0.2872917011595493,0.015068821919754779,356426934.6013341,200034404.44085163,477534305.0108337
0.3888505893110684,0.5041051555597214,203855645514.65137,0.2722731890426632,0.008756404389076378,318662431.899493,136214203.89735243,375736117.3314831
0.802078842968551,0.3530568641999159,155881096156.98865,0.300805439092095,0.011103375335286512,288104413.417217,185902953.30705613,384940415.6493666
0.5657733659324621,0.4715712926625236,198849142151.11865,0.33304221075076557,0.008545959607358926,253741642.7149792,134538649.32821807,317872807.99481046
0.8851397714660206,0.06620494067561367,131405728356.28651,0.31970003714745904,0.018730392147267055,351890166.49635243,267329352.6579696,470255867.3797898
0.2882984251804728,0.758847119501328,189613144718.37427,0.29067190176902874,0.01670619802511926,267041901.13258663,258923994.60347387,391442653.529058
0.7050967833955796,0.6226578949109393,178526910359.94107,0.2647965253855187,0.006492085195129131,275150840.9567311,198256812.63611233,390325753.09681374
0.7005209695356738,0.47286069088307237,156911703265.8888,0.27767260731365756,0.009922815327123257,347112334.764732,138384807.9773909,420111904.8460727
0.171530931235777,0.5913550312912855,103563562641.79782,0.29542771803425577,0.019697041841611224,289141518.1725892,168666200.16699362,350529261.3992286
0.28180488211227295,0.2966880253682481,164105811196.34348,0.3057420794886013,0.00716901270047267,325236422.8071406,296791058.8701579,408765625.2949669
0.014834600680587173,0.23858327166590254,202883409873.84448,0.29338950332053326,0.013058810645339685,344299526.902938,282088997.0794623,379852656.6424081
0.22820343871221282,0.3750008255116658,118875020879.39534,0.33316563703413093,0.007876106245935608,350417491.24161685,149104578.9341725,394072046.1961658
0.4487672755269986,0.37940279341384275,146217615751.5223,0.32974523760358176,0.00638554695080199,343261394.97298944,237409496.23293826,436310657.550898
0.39651377413769784,0.24316130073721665,117966585666.15082,0.34913940776940317,0.01742722021590937,288667353.55205154,229523306.7503549,359672687.008216
0.33621221055967154,0.5785311934963867,182210604428.21735,0.2908345905882178,0.011057569025432621,360799783.26049554,188512645.07539842,441471819.9052006
0.5363883186058019,0.40984083749973177,202891853407.5515,0.3051137633196575,0.012891303699127908,303831196.1485503,102878614.77259435,349171077.1522955
0.040762190493271344,0.719852926719257,125410850646.52968,0.31563872107867497,0.005047610690660291,394957467.9707308,260041310.80410334,489345841.83701265
0.4793256193383345,0.7777064069155988,108434214404.64891,0.26884918786594836,0.012828829452551541,387798994.2163197,261132398.2843183,533257451.05912596
0.13373685933167212,0.18958756314958214,101989826359.71909,0.3458279578124607,0.016681284367975082,379410826.2231967,122074510.02478114,398975518.73933756
0.8966558302281127,0.08362986114041149,192585781389.95828,0.25147580871251113,0.005836405267527653,267462721.11867732,285867687.5128831,397340930.455816
0.6846880982120788,0.22207700508315187,165669113318.4926,0.26143013495629697,0.01403894453291888,291406795.3578317,159292577.63448286,359054449.44890285
0.09343802466156426,0.7984601677618441,130316196676.60445,0.2595383747975956,0.00884625326734309,268115571.6069227,216439751.22766393,358709345.99564487
0.6616763419732802,0.8956170414741284,170221756275.95712,0.2779154136509857,0.016323903155624913,303773394.1813869,184521685.95408142,424068479.62122786
0.38398597818730673,0.7619378496574039,165584576702.04407,0.32416196340095715,0.01803923335787644,362738678.95366687,170201680.13578725,450823358.74542147
0.5709678118814636,0.176508972559401,158513932489.0879,0.26229242477557363,0.019443781998053754,299252735.6094754,199174127.58586127,370409148.55283076
0.058247455582650653,0.4354755671315691,183135416163.2684,0.25504860350509506,0.005067000070394751,352899277.058041,231015848.4930411,408797298.6681615
0.7183206330302014,0.44095735644942124,143877446069.8441,0.2502251149330672,0.007688346446286956,393411368.8651478,162745757.3131735,478430239.7512285
0.2871025918534027,0.4910639741882007,151993289560.59137,0.31291404252452193,0.014407517386445117,332198566.65376097,139781711.67420992,383997428.71847826
0.9323210601805244,0.5251271583590644,155225011653.6162,0.34580463951571694,0.012568416921074327,305388713.71760887,221918958.5025816,443485364.69572556
0.46308558787773046,0.7044658529201347,126418430601.89346,0.3484169946184324,0.010213995558070524,338370053.66638273,127811080.70750108,405522543.01463497
0.16147608536450053,0.8119039185754803,143024960163.02383,0.34267778115688236,0.007723280549946647,297963186.92066973,178668364.91275984,378647208.8817614
0.7077513846904745,0.8271281237720087,181033039228.4541,0.29210611069802145,0.01705150288751366,347618659.89182854,228399722.82279646,495036576.436425
0.9194066138259102,0.2875155007650493,183584370620.91534,0.31550882364095534,0.014795220802396751,262227146.28078052,294788745.6444371,421267973.7096703
0.9925513443777453,0.2555574646312643,208760297423.37738,0.2973245555319105,0.011130116017223267,283845084.13142526,228623019.47789758,410489578.1957931
0.022171954747509326,0.47755631909957996,187771964731.66177,0.32456183410967215,0.00596502500521953,393266175.61153185,209102348.43797895,444452537.0550503
0.6527913928291914,0.56212083812514,166883624044.14917,0.3248467243544528,0.019639067515246418,369376046.2285414,264021515.36768883,512563868.2779802
0.36145114665286915,0.02062768705187834,103983399283.27977,0.3463251889060083,0.006466140954290208,325270374.58214736,267651518.12971327,375789274.4177163
0.21400296520780115,0.814925941228815,142457963258.0508,0.2851145817219459,0.005918363805993769,284792651.75186014,202064632.3532043,380453358.250689
0.8536910536561246,0.6828868034525425,112291059533.0752,0.3321703216839063,0.014159365230634675,381414882.59324646,299750078.746225,575033467.4395136
0.9444123053874152,0.7311268729670496,144345428874.932,0.25656159121251665,0.016996023277207322,282634868.15228504,260093522.1643806,460701625.0970058
0.5736856803089224,0.3790542547550525,165930954896.2017,0.3007421911749526,0.009074378831840306,381171031.7900525,249295310.2682966,491691554.03063154
0.14674087266096913,0.5550549338570372,180327330786.78464,0.2896508745977736,0.018511743591963933,326862952.0910407,285516071.58634615,423130865.78010654
0.5549793710942834,0.3802806871804836,174937001659.36758,0.2863264087561431,0.007007105666445287,251038850.95661777,208693129.37446907,342087997.69614226
0.5376488078310626,0.1234894245023741,135852342684.3427,0.3085193715898487,0.006195287573340264,267014978.38430738,151009618.19958034,315191888.0148581
0.4413475748083734,0.31531148597756,208549612042.75433,0.3041792506716076,0.016264073773011742,307165187.8993171,199206607.26176873,379129746.36599225
0.30247828669927435,0.4351795690267598,188880005206.76013,0.3154319298069145,0.006106158348607937,253287958.1868794,134893550.09054467,300900924.91808224
0.602157034249082,0.7698373660714155,113276720806.56903,0.26953275498840656,0.0142792144643791,301896539.3329643,218728192.07567617,432128261.97994184
0.6962664596131626,0.8521234197370096,183181716026.33005,0.31634110024799533,0.019151229511656546,300646261.0357797,186131015.21938944,421512691.1998916
0.3061624227016674,0.47198430412250403,207229622251.82098,0.3454127600089222,0.01750115974208374,300733745.22225446,190443945.5564747,371304864.60698247
0.05242417530101062,0.41066068867906147,161938577343.2218,0.2530708687827102,0.019222060966124506,276927471.259857,271492791.4187027,338689766.0148819
0.6384997035583924,0.6011309581880919,169476820947.42847,0.2749340005899633,0.00961645853814415,365777340.0679547,206652806.68297857,479642920.43505305
0.443550973236565,0.5000792707764421,161084777824.82568,0.31137383316337564,0.01009224052568771,265757973.5701595,239674648.09267122,371134463.5869339
0.1563217204210594,0.6601347138528365,108483768818.70018,0.30173841443008104,0.014217372721247918,379590963.4662405,151765418.63404423,438319209.2978031
0.07452584014330488,0.46016371901502273,173474814976.47638,0.34094085745201813,0.012316278624977285,291604784.01628554,255920141.21597967,358438948.95584744
0.5249239655294331,0.791117781892701,139372092144.58746,0.31848768456946114,0.007866795684611419,332573330.2959672,226515541.8060884,463282947.00526136
0.3020386422380974,0.7370457848672444,159127823733.56662,0.31336966002972766,0.01768200979945172,396196578.1321814,158718814.03459355,471960466.60479146
0.5070990947044791,0.5421085142519241,154055101321.6573,0.3499888727236977,0.01144749529540334,275301300.60386735,162384975.22364667,353448325.98760664
0.5222802749404747,0.5897005510579766,203223622446.17255,0.30491740461289885,0.007020230924420917,377452978.6090938,123079161.8137703,439607515.7295825
0.14011274259206907,0.05219179430236209,198987359074.87952,0.2870069880293289,0.015349345887943063,332586106.36231387,201892764.7645545,351938949.7234086
0.5234191526790907,0.6886494983630616,154584432044.06564,0.293053773201031,0.006502821308307187,281165338.47454095,125395361.03329831,349045551.16300416
0.8041449080595625,0.8145360710949987,190449533110.7458,0.32505408952298614,0.005461562824101382,376287497.2162343,156924439.1397564,481305455.98035747
0.655045877826081,0.6545485553632606,176215122303.40875,0.25908160264865826,0.009932141981143004,295353223.6099409,117025671.01081517,362630177.61068976
0.1719193966961351,0.6890416806819357,134020880815.06569,0.28517644214780213,0.010501445757522643,387030237.38202894,137528615.68323568,442828735.6725113
0.09605178933309921,0.9967758090012915,128722333406.80948,0.3447385927813486,0.018209717330381407,359005747.24297893,271386118.4554523,494109248.76647866
0.3719891506180677,0.7460930608947295,177384149573.79352,0.25449834280899314,0.011251104449289624,329353553.70460963,127827807.28503464,394196206.41956335
0.7452418841563621,0.28250580976003126,177771564454.21155,0.31859545931740085,0.012189553807072134,344787928.9240118,184466660.31992394,432032914.00836504
0.08074618073421846,0.7152966765577061,151119377839.681,0.34271998390953484,0.018420494484112,341896156.61870766,199546581.91092592,417375598.7612591
0.32364474320050896,0.10398983832745734,199714132949.47632,0.3252138618430217,0.01807448315048901,294690789.85828835,101520402.8998381,316072750.54765373
0.38869671143947293,0.5672026880323112,180064101555.68262,0.3409415671623056,0.015850356018351674,301839436.31175506,213285399.5473494,396666144.5210745
0.6530024246257418,0.9319601689836835,191771836896.28906,0.31130029631158607,0.00938754120628058,271166522.1016529,175509614.94885868,386969940.4238989
0.03884681744035612,0.9256359585572107,200289650500.81696,0.3111604703311599,0.01861040804304895,341788889.37468636,282331428.6037598,468283777.9602206
0.19579581719157668,0.09983542633160347,150465009469.91913,0.2819039514041046,0.016723104226495884,344886413.4767863,142083026.73525298,365736868.11121607
0.2305120633898452,0.5499273914541271,117694320602.6201,0.3413923848667758,0.00847554375026188,368085215.23237175,240612818.64747036,457484820.79761535
0.6403220706183117,0.019785812359870758,120063147332.41629,0.32539963645201475,0.007155404093709884,387552574.6648388,275578249.0483631,475343329.37479424
0.3758926905821577,0.6241680536255827,203694055061.13593,0.2847050614038716,0.00545534893960254,278810162.79245806,105981397.94647607,327788516.5777215
0.4629595421244601,0.22771815047901367,132328890463.13235,0.29965002853586487,0.013144269194824705,349176989.92344,169906525.53804582,405625940.80571884
0.2841214367816257,0.29251387457731126,144017498851.4586,0.31906287993003085,0.015707929275704118,369801552.9815156,221890204.45700246,432060760.0501399
0.524946953887089,0.8574345974077269,184623578749.5448,0.2973859758599819,0.010727887798954405,388539604.2694839,163096210.7766591,486192878.3754599
0.53240421827305,0.6119495406561822,145874130231.10043,0.25796687606786073,0.011383727619443552,250229468.58145788,194947829.42161208,351008956.6449634
0.06890701497977758,0.06591040851217567,116968987477.5134,0.3085624926415594,0.0101342504124621,320721076.98218054,130941884.01434563,329534355.75230753
